Coeff,Intercept
-0.563132288183672,26.728078527253423
0.3434968724426339,26.987699283398307
-0.19229345207172086,11.232655923817731
-0.05288273881709739,1.5986593636351656
