Coeff,Intercept
-0.0010136588323058026,22.78199381431438
0.000495590476780622,29.74361676539406
-0.00026078293876671235,9.642511338999737
-6.461518117750855e-05,1.1411580795314618
